[
	{
		"ItemID": 0,
		"Name": "Unknown"
	},
	{
		"ItemID": 38,
		"Name": "Barbed Roll"
	},
	{
		"ItemID": 45,
		"Name": "Barbed Wire Door Barricade"
	},
	{
		"ItemID": 110,
		"Name": "Bed Frame"
	},
	{
		"ItemID": 1,
		"Name": "Beech Tree"
	},
	{
		"ItemID": 3,
		"Name": "Birch Tree"
	},
	{
		"ItemID": 119,
		"Name": "Bleach"
	},
	{
		"ItemID": 97,
		"Name": "Book"
	},
	{
		"ItemID": 92,
		"Name": "Bowl"
	},
	{
		"ItemID": 117,
		"Name": "Brick"
	},
	{
		"ItemID": 121,
		"Name": "Brick Wall Block"
	},
	{
		"ItemID": 89,
		"Name": "Bucket"
	},
	{
		"ItemID": 20,
		"Name": "Campfire"
	},
	{
		"ItemID": 73,
		"Name": "Cardboard Box"
	},
	{
		"ItemID": 74,
		"Name": "Chair"
	},
	{
		"ItemID": 69,
		"Name": "Chest"
	},
	{
		"ItemID": 94,
		"Name": "Clock"
	},
	{
		"ItemID": 120,
		"Name": "Coal"
	},
	{
		"ItemID": 54,
		"Name": "Conifer Tree"
	},
	{
		"ItemID": 124,
		"Name": "Cooked Rat"
	},
	{
		"ItemID": 15,
		"Name": "Cordage"
	},
	{
		"ItemID": 84,
		"Name": "Cutlery"
	},
	{
		"ItemID": 48,
		"Name": "Daisy"
	},
	{
		"ItemID": 53,
		"Name": "Dead Shrub"
	},
	{
		"ItemID": 4,
		"Name": "Dead Tree"
	},
	{
		"ItemID": 96,
		"Name": "Document Holder"
	},
	{
		"ItemID": 50,
		"Name": "Elephant Ear"
	},
	{
		"ItemID": 5,
		"Name": "Fallen Tree Log"
	},
	{
		"ItemID": 93,
		"Name": "Fan"
	},
	{
		"ItemID": 111,
		"Name": "Fence"
	},
	{
		"ItemID": 51,
		"Name": "Fern"
	},
	{
		"ItemID": 90,
		"Name": "Fire Extinguisher"
	},
	{
		"ItemID": 118,
		"Name": "Flashlight"
	},
	{
		"ItemID": 21,
		"Name": "Flat Fiber Sack"
	},
	{
		"ItemID": 98,
		"Name": "Folder"
	},
	{
		"ItemID": 79,
		"Name": "Garbage Bag"
	},
	{
		"ItemID": 80,
		"Name": "Garbage Can"
	},
	{
		"ItemID": 104,
		"Name": "Glass Pane"
	},
	{
		"ItemID": 30,
		"Name": "Granite Rock"
	},
	{
		"ItemID": 16,
		"Name": "Grass"
	},
	{
		"ItemID": 52,
		"Name": "Grass Shrub"
	},
	{
		"ItemID": 40,
		"Name": "Hammer"
	},
	{
		"ItemID": 36,
		"Name": "Honey Suckle"
	},
	{
		"ItemID": 68,
		"Name": "Jungle Shrub"
	},
	{
		"ItemID": 91,
		"Name": "Ladder"
	},
	{
		"ItemID": 99,
		"Name": "Lamp"
	},
	{
		"ItemID": 71,
		"Name": "Large Mouldy Pot"
	},
	{
		"ItemID": 70,
		"Name": "Large Pot"
	},
	{
		"ItemID": 24,
		"Name": "Large Wooden Crate"
	},
	{
		"ItemID": 100,
		"Name": "Large Wooden Floor"
	},
	{
		"ItemID": 106,
		"Name": "Large Wooden Roof"
	},
	{
		"ItemID": 39,
		"Name": "Large Wooden Wall"
	},
	{
		"ItemID": 67,
		"Name": "Lilly Pad"
	},
	{
		"ItemID": 6,
		"Name": "London Plane Tree"
	},
	{
		"ItemID": 82,
		"Name": "Matress"
	},
	{
		"ItemID": 86,
		"Name": "Med Cart"
	},
	{
		"ItemID": 78,
		"Name": "Medium Mouldy Pot"
	},
	{
		"ItemID": 77,
		"Name": "Medium Pot"
	},
	{
		"ItemID": 88,
		"Name": "Mop"
	},
	{
		"ItemID": 46,
		"Name": "Mushroom"
	},
	{
		"ItemID": 47,
		"Name": "Nightshade"
	},
	{
		"ItemID": 95,
		"Name": "Notebook"
	},
	{
		"ItemID": 59,
		"Name": "Palm Tree"
	},
	{
		"ItemID": 11,
		"Name": "Pinecone"
	},
	{
		"ItemID": 122,
		"Name": "Plastic Barrier"
	},
	{
		"ItemID": 85,
		"Name": "Plastic Bottle"
	},
	{
		"ItemID": 76,
		"Name": "Plate"
	},
	{
		"ItemID": 22,
		"Name": "Primitive Stone Axe"
	},
	{
		"ItemID": 23,
		"Name": "Primitive Stone Axe Head"
	},
	{
		"ItemID": 29,
		"Name": "Primitive Stone Pickaxe"
	},
	{
		"ItemID": 13,
		"Name": "Primitive Stone Pickaxe Head"
	},
	{
		"ItemID": 18,
		"Name": "Primitive Wooden Tool Handle"
	},
	{
		"ItemID": 116,
		"Name": "Rat Trap"
	},
	{
		"ItemID": 123,
		"Name": "Raw Rat"
	},
	{
		"ItemID": 66,
		"Name": "Red Flower"
	},
	{
		"ItemID": 17,
		"Name": "Refined Iron"
	},
	{
		"ItemID": 42,
		"Name": "Reinforced Wood Door"
	},
	{
		"ItemID": 125,
		"Name": "Rifle"
	},
	{
		"ItemID": 60,
		"Name": "Scatter Rock"
	},
	{
		"ItemID": 14,
		"Name": "Scrap Iron"
	},
	{
		"ItemID": 43,
		"Name": "Scrap Metal Door"
	},
	{
		"ItemID": 63,
		"Name": "Seaweed"
	},
	{
		"ItemID": 81,
		"Name": "Shelve"
	},
	{
		"ItemID": 72,
		"Name": "Shoe box"
	},
	{
		"ItemID": 7,
		"Name": "Shrub"
	},
	{
		"ItemID": 58,
		"Name": "Small Dead Tree"
	},
	{
		"ItemID": 55,
		"Name": "Small Plain Tree"
	},
	{
		"ItemID": 57,
		"Name": "Small Tree"
	},
	{
		"ItemID": 25,
		"Name": "Small Wooden Crate"
	},
	{
		"ItemID": 62,
		"Name": "Smooth Rock"
	},
	{
		"ItemID": 8,
		"Name": "Spruce Pine Tree"
	},
	{
		"ItemID": 26,
		"Name": "Standing Fiber Sack"
	},
	{
		"ItemID": 41,
		"Name": "Steel Door"
	},
	{
		"ItemID": 49,
		"Name": "Stick"
	},
	{
		"ItemID": 12,
		"Name": "Stone"
	},
	{
		"ItemID": 19,
		"Name": "Stone Seat"
	},
	{
		"ItemID": 9,
		"Name": "Stump"
	},
	{
		"ItemID": 75,
		"Name": "Table"
	},
	{
		"ItemID": 64,
		"Name": "Tall Grass"
	},
	{
		"ItemID": 56,
		"Name": "Tall Jungle Tree"
	},
	{
		"ItemID": 83,
		"Name": "Trash"
	},
	{
		"ItemID": 114,
		"Name": "Tropical Palm Leaf"
	},
	{
		"ItemID": 115,
		"Name": "Tropical Palm Shrub"
	},
	{
		"ItemID": 61,
		"Name": "Volcanic Rock"
	},
	{
		"ItemID": 65,
		"Name": "White Flower"
	},
	{
		"ItemID": 2,
		"Name": "Wood"
	},
	{
		"ItemID": 10,
		"Name": "Wood Fiber"
	},
	{
		"ItemID": 109,
		"Name": "Wood Furniture"
	},
	{
		"ItemID": 87,
		"Name": "Wood Log"
	},
	{
		"ItemID": 113,
		"Name": "Wooden Angled Floor Large"
	},
	{
		"ItemID": 112,
		"Name": "Wooden Angled Floor Small"
	},
	{
		"ItemID": 27,
		"Name": "Wooden Barrel"
	},
	{
		"ItemID": 28,
		"Name": "Wooden Bucket"
	},
	{
		"ItemID": 37,
		"Name": "Wooden Door"
	},
	{
		"ItemID": 44,
		"Name": "Wooden Door Barricade"
	},
	{
		"ItemID": 102,
		"Name": "Wooden Door Frame"
	},
	{
		"ItemID": 105,
		"Name": "Wooden Floor"
	},
	{
		"ItemID": 107,
		"Name": "Wooden Roof"
	},
	{
		"ItemID": 101,
		"Name": "Wooden Wall"
	},
	{
		"ItemID": 108,
		"Name": "Wooden Wall Window Frame"
	},
	{
		"ItemID": 103,
		"Name": "Wooden Window Frame"
	}
]